rnum,id,title,cont,udate,hits,likes,hname,dname,rcount
1,xman,치과후기1,"
치과 과잉진료 받게 될까봐 모두닥이랑 블로그등 볼 수있는 후기들은 다 찾아본 후 양심진료하시고 모두 친절하시다는 후기가 좋아서 전화로 예약 후에 방문했습니다.
예약하고도 오래 기다리셨다는 몇몇 후기를 봤는데 저는 체크사항 작성 후 얼마 있지 않아 바로 들어갔어요!
치아 부분에 통증이 있어서 간거였지만 오랜만에 치과 방문하는거라 전반적으로 검진 받고 싶다고 체크했는데 치아 하나 하나 봐주시고 앞으로 지켜봐야 할 치아와 치료 순서를 알려주셔서 좋았어요~
통증이 충치 때문이 아니라 생활습관 때문이였는데 왜 아픈지 원인을 찾아 주셨고 통증의 원인이 될 수 있는 습관들과 개선해야 할 부분들을 말씀해 주신점도 좋았습니다!
병원이 바빠 보이긴 했지만 궁금한 점 여쭤보면 자세하게 설명해주며 이해시켜 주셨어요~ 선생님도 재치있으시고 모두 친절하십니다! :)
",2022-07-29,0,10,강서발산플란트치과의원,강가경,0
2,member,치과후기2,"
앞전에 갔던병원에서 별로 좋지않은 경험이있어 병원을 옮겼습니다
역이랑 가까운편이라 좋았어요
요즘 치과들이랑다르게 화려한인테리어는아니고 의사분도 한분이십니다

저는 앞전치과도 양심적이라는 리뷰를 보고 찾았고 그때진료결과 충치두개를 치료해야한다는 말을 들었기에
충치치료를 당연히 하겠거니 하고
예약후 방문하였습니다.

그런데 이병원에서는 두군데 모두 충치치료가전혀 필요없다고 하셔서 정말놀랐습니다.
그이유에대해서는 의사선생님께서
치아사진과함께 매우친절하고 이해하기쉽게 설명해주십니다.

그리고 이때까지 턱관절이불편해서 다른치과를 방문할때마다 항상 여쭤봤는데 특별한말없이 그냥 조심해라 이것뿐이였는데 여기서는 하나하나 저의생활습과가 여러가지원인을 예를 들며 향후 치료방법이나 더악화되지않게 설명을 잘해주셔서 정말도움이 많이되었어요 !

그렇게 충치치료는 할필요가 없어 하지않고
사랑니 2개 뽑아야할게있어 다음예약을 잡아두었습니다. 사랑니뽑고 다시후기남길께요!

기본진료.마우스피스9만원
",2019-08-12,0,9.3,연세해맑은치과교정과치과의원,고경교,0
3,member2,치과후기3,"
정말 친절하게 단계별로 나누어서 충치부터 각종 필요한 치료를 알려줘요
설명도 길게 친절하게 해주시고 과잉진료도 없는거같아서 좋아요 다음에 여기서 치료받으려고 예약 다시 잡았어요 추천입니다
",2022-06-29,0,9.3,선릉애플치과의원,공고기,0
4,xman,치과후기4,"
우와.. 인생 치과를 만났어요!
사실 모두닥 리뷰 많고 과잉 진료 없다고 하는 것도 광고 아닐까 걱정하면서 병원 예약했거든요ㅜ 근데 진료 받고 나니 왜 후기가 많은지 이해가 단번에 되더라구요 ㅋㅋ

이 시려운 현상 때문에 충치가 심하게 있을까해서 가게 된건데
엑스레이 찍고 봐주시더니 충치때문은 아니고 가벼운 현상(?)이라고 다행이라면서 치료 해주셨어요.
그 외에도 제 치아 상태에 대해서 자세하게 설명 해주시고, 치아 관리 어떤게 중요한건지 왜 중요한건지 설명해주셔서 강의 듣고 온 기분이네요 ㅎㅎ

사실 같은 부위 똑같은 이 시려운 것 때문에 작년에 다른 치과를 간 적이 있었는데, 뭘 씌워야한다 하면서 백만원 치료비용 들 뻔 한 걸 며칠지나니 괜찮아져서 치료 안받았었는데..
정말 과잉 진료 없이 치료받고 왔어요!!!
000
",2022-06-15,0,10,빛치과의원,곽교나,0
5,member,치과후기5,"
원장님 너무 친철하시고 성격 진짜 좋으세요 진료 받다가 나까지 기분좋아져요 과잉진료 안하시고 진짜 필요한것만 하고 하나하나 친철히 다 알려주세요 그래서 예약하기 조금 힘들긴하지만 그만한 가치가 있어요
",2022-05-14,0,10,이미지치과의원,구규늘,0
6,member2,치과후기6,"
제가 리뷰 보고 찾아갔는데 소문대로 진짜 과잉진료 없이 솔직하게 잘봐주셨어요!! 다른 곳에서는 신경치료까지 해야된다는걸 여기서는 정말 간단한 치료만 하면 된다고 얘기해주셨어요! 진짜 그런 부분이 너무 좋아서 앞으로 치과 진료는 여기서만 보려구요!!
",2022-03-17,0,9.3,더드림치과의원,권근당,0
7,xman,치과후기7,"
급성치수염으로 방문했어요
염증이 너무 심해 잠도 못자고 약을 계속 먹어도 낫지 않아 집 근처 병원에서는 발치해야한다며 3일 뒤로 예약을 잡아주더라구요 당장 죽겠는데 3일을 참지 못할꺼 같아
지인 추천으로 이미지 치과를 방문했는데 원장님께서 제.엑스레이 사진을 보고 어떻게 견뎠냐며 ..눕지도 못했을꺼라며 제 마음을 잘 알아주셨어요
바로 발치하고 이후에 생길수 있는데 상황들에 대해서도 잘 설명해주셨고 발치가 너무 잘 되어서 이후 문제점 전혀 없었습니다 진짜.넘. 감사했습니다
",2022-05-27,0,10,서울새린치과의원,김기란,0
8,member,치과후기8,"
충치가 있어서 간단히 진료 보러 갔었어요 ! 친절하시고 여기서 진료 보고 원래 보던 곳 갔는데 진료?가 똑같이 나왔어요 ! 과잉진료 없다는 말 듣고 방문 한 거였는데 과잉진료 없었던 것 같아요. 당시에는 직장 근처라서 진료만 보고 치료는 받지 않았지만 친절하시고 좋았습니다 :)
",2022-04-28,0,10,나온치과의원,나김래,0
9,member2,치과후기9,"
마취의 신이십니다 !!
어렸을때 아팠던 기억이 있어서 너무 무서웠는데 마취를 진짜 안아프게 잘해주세요 여러개 치료받을까 고민했는데 지금 해야할 것과 앞으로 하면 될것을 구분해주셔서 좋았어요
",2022-03-30,0,10,튼튼플란트치과의원,남나련,0
10,xman,치과후기10,"
카카오맵 리뷰로 강남 치과들 다 훑어보고 갔는데 대부분이 평점 광고를 쓰시더라구요.. ㅎㅎ 사실 여기도 쓰는 것 같았습니다. 그럼에도 불구하고 모두닥에서도 리뷰가 괜찮았고 예약도 항상 꽉 차있는 것 같아서 일단 믿고 방문했습니다. 큰 시술은 아니었지만 의사선생님 굉장히 친절하셨고 빠르게 잘 해주셨습니다
",2022-02-16,0,9.5,청량리왕플란트치과의원,노다령,0
11,member,치과후기11,"
모두닥으로 예약했는데 전화가 와서 예약이 수월했네요
전체적으로 검진 후 임플란트(뼈이식) 및 크라운 치료 했습니다
친절한 상담과 섬세한 치료 만족합니다
편안하고 아프지 않게 예쁘게 치료 잘해주셔서 감사합니다
자기치아살리기 가치에 신뢰가 갑니다
삼성역 3번출구 나가서 바로 간판이 보이네요
감사합니다 강추합니다
",2022-09-07,0,10,강서발산플란트치과의원,도도름,0
12,member2,치과후기12,"
정말 친철하시고 세밀하게 최선을 다해 진료해주시는 의료진 모습이 인상적이엇습니다. 제가 해외 일정이 있었어.. 급하게 내원했는데 추가 충치도 많고 최대한 일정에 맞추셨어 해주셧어요 . 고생 많으셨습니다.
",2022-09-07,0,10,연세해맑은치과교정과치과의원,류동리,0
13,xman,치과후기13,"
친절히 상담 해 주셨고 다음 예약 하고 왔습니다
임플란트 선택지가 있어 좋았구요 첨 방문이라 주차장찾느라 좀 어려웠네요 친절하시고 빠른상담이
좋았습니다 아직은 잘 모르겠으나 임플란트 시술받아봐야 겠지요~^^
",2022-08-08,0,9.8,선릉애플치과의원,문률린,0
14,member,치과후기14,"
전역하고 3월에 몰아서 치료다하고 나서 스케일링 받으러 동네에 치과 갔는데 인접면에 충지 엄청 생겨서 진짜 치아 5,6개 충치있다고 해서 하 뇌절이었는데

삼성역 근처에 꼼꼼하게 봐주시고 과잉 없다고 해서 무턱으로 가서 진단도 봤는데 치료를 할지 말지 모르는 처음온 저에게 친절하게 하나하나 위치별로 카메라로 찍어주시고 엑스레이도 찍어서 자세히 알려주셨습니다.

하도 제가 엑스레이 때 자리를 못잡아서 그런지 치위생사분이 조금 고생하셨는데 죄송합니다. ㅠㅠ

여러곳에 충치가 있었는데 이 부분은 조금더 지켜보자 이 부분은 사랑니 빼면서 같이 진행해도 될 거 같다 등 계획을 잡는데 도움을 주셨고 사진으로 하나하나 쉽게 설명해주셨습니다.

그래서 꼭 해야하는 어금니 인접면 충지 인레이로 치료하고 왔습니다. 서울에 살고 있지만 삼성역은 1시간 정도 걸리는 거리지만 그래도 꾸준히 방문하고자 합니다.

치과는 진짜 잘 알아보고 가야 하는거 같습니다.
",2022-06-23,0,10,빛치과의원,민명림,0
15,member2,치과후기15,"
원장님부터 치위생사 선생님들, 데스크 선생님들까지
모든 분들이 친절하신 곳이예요 ㅜㅠ
마치 '이가 아파서 오셨어요ㅠㅠㅠ? 오구ㅠㅠㅠ 어서오세요ㅠㅠ'
하는 느낌 ㅠㅠ 두시간을 가까이 누워서 진료를 봤는데도
꼼꼼하게 진료과정을 설명해주시고 치아상태를 잘 말씀해주셔서
이해가 잘 되었고 과잉진료나 치아삭제 없이 최대히 건강하게
좋은 치료만 권유해주셔서 더 믿음이 갔어요!
모두닥 후기보고 갔는데 앞으로 치과는 여기만 다닐 것 같아요 ㅎㅎ
",2022-01-28,0,10,이미지치과의원,박미미,0
16,xman,치과후기16,"
모두닥 리뷰를 보고 갔습니다. 정말 친절하시고 병원 이름처럼 제 치아를 그대로 살리려고 하시더라구요. 전에 다니던 치과에서 신경치료 다시해야한다고 했는데 왜 그게 좋은 생각은 아닌지 찬찬히 설명해주시고 스케일링도 안아프게 잘 해주셨습니다. 아직 치통이 나으려면 시간이 좀 걸려서 지켜봐야하지만 완전 만족합니다.
",2022-04-13,0,9.3,더드림치과의원,방민민,0
17,member,치과후기17,치료 가격정보,2022-05-16,0,9,서울새린치과의원,배병비,0
18,member2,치과후기18,"
이 근방 치과 중 가장 친절하고 자상하실 것 이라고 감히 자부합니다. 과잉진료 절대 없구요, 치과를 무서워하시는 분들이라면 안심하고 가세요. 치과 치료 과정을 비롯하여 입에 들어가는 기구 하나하나 안정적인 목소리로 설명해주시며 치료해주십니다. 너무 만족스러운 진료였어요. 마지막까지 친절하게 인사해주셔서 감사드립니다.☺️
",2022-02-21,0,10,나온치과의원,백보빈,0
19,xman,치과후기19,"
우선 후기에서 선생님의 친절에 대한 후기가 많았는데 이 점이 제가 느낀 제일 좋은 점 이었습니다
차분히 친절하게 다 설명을 해주시고 치료에 있어서 꼭 해야만 하는지 하는게 좋은지의 정도에 대해서 설명을 주셔서 스스로 치료 결정을 내릴 수 있게 압박감이 없었습니다
다만 선생님이 한 분이라 예약을 했음에도 불구하고 대기가 있을 수 있는 점이 조금 아쉬웠습니다! 이 점은 직장인 분들이 업무중간에 잠시 다녀올 계획이면 참고하면 좋을 것 같아요
",2022-02-08,0,9.8,튼튼플란트치과의원,변비서,0
20,member,치과후기20,"
상한 치아와 평소에 관리해야하는부분에 대해 체크하고 엑스레이 검사와 진료, 스케일링, 이후의 치료계획 등을 꼼꼼하게 볼 수 있었습니다. 친절하고 꼼꼼하셔서 기꺼이 추천하고 싶습니다.
",2021-01-27,0,10,청량리왕플란트치과의원,서상선,0
21,member2,치과후기21,"
사랑니 발취 2개 했어요! 제가 사는 지방에서는 발취할 수 없어서 서울까지 가서 했구요 대학병원에 안가고 빨리 검사받고 발취할 수있어서 너무 감사했어요 원장님 정말 아프지않게 잘발취해주셔서 감사해요
",2022-08-23,0,10,강서발산플란트치과의원,석서성,0
22,xman,치과후기22,"
사랑니 잘뽑는곳으로 유명해서 집에서 멀지만 찾아서 갔어요
제가 워낙 겁이많아서 바로 발치를 못할까봐 리뷰보고
친절한 곳으로 서치해서 간거에요
역시나 선생님 너무 친절하셨고 저를 진정시켜주셔서
사랑니 3개 잘뽑았어요
감사합니다!
",2022-06-11,0,10,연세해맑은치과교정과치과의원,손선세,0
23,member,치과후기23,"
작년말에 충치 발견해서 미루고 미루다가 치과방문했는데, 적어도 15만원은 쓰겠지하고 갔습니다. 친절한 원장님께서 치료할 충치는 아니라고 하셨고, 잇몸안쪽 안보이는곳에 치아가 깨진건지 패인부분이 있는데 그거 치료해주시고 잇몸이 부어있어서 잇몸치료 추천해주셨어요.
여기 치과는 덤탱이 안씌우고 지금 나한테 필요한 치료를 너무 잘해줘서 맘 부담 없이 치료 오게되요.
친구들도 한번 오면 믿고 안심하고 치료받게 되는 병원이라고 해요~
",2022-04-14,0,10,선릉애플치과의원,송성소,0
24,member2,치과후기24,"
임플란트 할 병원을 찾던 중 임플란트 전문으로 하는 그랜드치과를 알게 되어 진료를 받고 친절한 설명과 정확한 진단으로 정기적으로 다니고 있습니다.
정기검진 시 레진으로 때워주시고 스켈링 진료를 받았는데
치아상태가 어떠한지 어떻게 관리해야하는지를 명확하게 알려주셔서 좋았습니다. 진료 후의 치아상태는 만족하고 지인에게도 추천합니다.
",2022-04-23,0,10,빛치과의원,신세솔,0
25,xman,치과후기25,"
항상 갈때마다 친철하고 신속한 치료 덕분에 동탄으로 이사를 갔는데도 꾸준히 찾아갑니다.
치료에 대한 상세한 설명과 합리적인 치료비용이 가능하도록 선택할 수 있어서 치통으로 인한 속상함을 덜어주시네요~
엑스레이로 치료전에 전체적으로 이전의 치료 기록과 현재 상태를 바탕으로 검진해주시고, 통증 부위에 대한 설명도 자세히 들어주셔서 한결 마음이 놓이구요. 치료를 하는 중간중간 상태를 화면으로 바로 보면서 볼 수 있어서 좋았습니다. 마취주사도 기가막히게 안아프게 놔주셔서 신기하구요!
특히 진료실, 대기실을 포함해서 전체적으로 병원이 깨끗하고 밝은 분위기로 요즘같은 시국에 더더욱 믿음이 가구요! 언제나 통증을 날려주셔서 감사합니다. ^^
",2022-04-22,0,10,이미지치과의원,안소송,0
26,member,치과후기26,"
제가 치과를 많이 무서워해서 저를 잘 이해해주실 친절한 병원 찾다가 방문하게 됐어요
사실 치과 가는걸 좀 미루고 충치를 꼭 치료해야하나 생각하던 사람이었는데 가서 선생님들과 원장님께서 설명해주시는 내용 을 직접 들어보니 치료가 왜 필요한지 이해가 갔어요
평소 불편했던 어금니 치료했는데 충치가 많이 진행된 상태라고 하더라고요..신경치료까지 진행할 수도 있다고 하셔서 너무 무서웠는데 최대한 신경치료까지 안가게 해주겠다고 하셔서 믿고 치료 진행했습니다. 치료 내내 괜찮냐고 물어봐주시고 선생님들도 제 손 잡아주면서 긴장 풀어주셔서 무사히 치료 받았어요 오늘은 치료했던 부분 보철 붙이러 갔는데 아플 수 있는 상황 전에 미리 말해줘서 감사했어요..다른 부분도 치료가 필요했는데 강요하시진 않으셨고 마음의 준비 되면 받으러 오라고 하셨어요 담에 준비되면 방문하려구요.
",2022-04-15,0,10,더드림치과의원,양솔수,0
27,member2,치과후기27,"
이 전체 엑스레이 찍고 발치해야하는 충분한 설명과 충분한 마취 요구사항을 잘 들어주셨어요, 끝나고 얼음팩과 여유분의 거즈도 도움이 많이 되었습니다. 믿을수 있는 선생님과 직원분들이 친절해요.
",2022-04-15,0,10,서울새린치과의원,엄송승,0
28,xman,치과후기28,"
직장인이라 토요일 이용해서 스케일링 받고 왔습니다! 사실 충치가 많다고 원래 다니던 치과에서 들었었는데 치과에 아는 분도 계셔서 나중에 치료 받아야지 하고 치료를 미뤄왔습니다

사실 별 생각 없이 토요일 진료하는 병원 찾아서 스케일링만 하러 갔다가 검진도 하게 됐는데 세상에 그 전에는 패인 치아 치료랑 아말감 교체부터 치료할 게 많은 걸로 알고 있었는데 이 병원 가서 엑스레이랑 입 안 사진 다 찍어서 보여주시더니 아말감도 전혀 이상 없고 패인 치아만 보험되는 재료로 때우라고 하시더라구요 그 전에 치과는 엑스레이 보면서 말로만 설명해서 진짜 충치가 있나보다 했는데 이 병원은 치아 사진을 다 찍어서 보여주니 이해가 더 쉬웠습니다 치료할게 없어서 너무 다행이면서도 그 전에 진단 받은 치과에 대한 분노가 올라왔지만...! 그래도 큰 돈 나갈 걱정이 사라지니 기분 좋았습니다 첫 방문이라고 칫솔도 주시고 앞니 쪽 충치 살짝 있다고 해서 치실 사용법 배우면서 그 이후로 치실 사서 매일 쓰고 있습니다ㅎㅎ 예약 시간보다 늦었는데도 불구하고 대기 시간도 거의 없고 좋았습니다ㅎㅎ 데스크 직원부터 원장님 치위생사 선생님 다 친절하고 깔끔했습니다
",2022-04-14,0,10,나온치과의원,여수신,0
29,member,치과후기29,"
당산으로 이사 오고 나서 여러 군데 비교해보고 다니게 된 치과입니다. 사실 당산에 치과는 많은데 믿고 다닐만한 병원 검색하다가 가게 되었습니다.

이사 오기 전에 충치가 많이 있다고 들었었는데 바빠서 치료 계속 못 받다가 이사 오고 치료 받을 병원 알아보던 중 내원 했는데 그 전에는 충치 치료할 게 한 일곱개 정도 있다고 들었었는데 그랜드 치과에서 검진할 땐 당장 치료가 급한 건 두개 정도라고 하시더라구요! 과잉 진료 없이 급한 치료만 받고 나머지는 진행되는 충치가 아니라고해서 여태까지 치료 안 받고도 정기검진 다니면서 잘 지내고 있어요! 다행히 충치는 더 깊어지지 않았더라구요 :-) 오늘은 어금니 쪽이 씹을 때 아프길래 또 충치인가 겁먹고 갔다가 엑스레이 찍어보니 단순 잇몸 원인이라 잇몸치료만 받고 치실 선물도 받고 왔어요!

원장님도 그렇고 선생님도 그렇고 갈 때마다 친절한 느낌 받을 수 있고 관리 방법도 알려줘서 항상 만족스럽습니다! 당산에서 믿을만한 치과 찾으시면 이 병원 추천해요!
",2022-04-13,0,10,튼튼플란트치과의원,염순아,0
30,member2,치과후기30,"
충치 치료를 모두 권장하고 과잉 진료가 있음을 느꼈습니다.

평소에 충치가 꽤 있는 것은 알고 있었지만, 모두 치료해야할 것처럼 말씀해주셨습니다. 그래서 받은 견적이 총 300만원이 넘는 금액대였는데,
당일 일부분만 치료하긴 했습니다.

하지만 인터넷과 여러부분를 찾아보면서 충치치료를 위해서는 생치아도 날려버리기때문에 심하지 않은 이상 치료 안해도 된다는 내용을 봤습니다.
그래서 추후 치료는 고민하던 중 다른 모 치과에서 다시 한번 충치 확인을 받았는데 충격적이게도 치료하지 않아도 된다고 했습니다. 특히나, 이 병원에서는 크라운치료(한 개당 50만원 대)로 진행한다던 치아도 다른 병원에서는 그냥 금으로 때우면 된다고 이러면 금액대가 절반으로 줄어듭니다.

결론적으로 몇백만원대 안해도 될 치료를 할 뻔했지만 안해도 될 거 같아 안심을 느꼈고 과잉 진료 없는 치과를 찾아 꼭 확인해보는 작업이 필요함을 느꼈습니다.
",2022-03-14,0,6.3,청량리왕플란트치과의원,오슬안,0
31,xman,치과후기31,"
치아 미백했는데
원래 밝은건 알고 있었는데 복용하는 약이 착색되어
더 안 좋아지긴 전에 관리 차원에서 받았어요
착색되었던 부분들이 받고 나오니 밝아졌네요

병원 깔끔하고 넓어요
데스크 직원분들이나 치위생사분들 선생님 모두 친절하세요
",2022-01-19,0,10,이미지치과의원,우승언,0
32,member,치과후기32,"
인레이 치료 모두닥 이벤트로 방문했습니다. 직원분들도 다 친절하시고 대기시간도 길지않고 평일이라 주차공간도 있어서 좋았습니다. 남의사분은 교정과 여자 선생님만큼 친절하진 않았지만 그래도 치료자체는 만족스러웠습니다~
",2021-09-08,0,9.5,더드림치과의원,원시연,0
33,member2,치과후기33,"
교정 후 지속적으로 정기검진을 다니고 있습니다 예약시간에 조금 늦었지만 그래도 친절하게 응대해주셨고 간단한 진료와 스케일링을 받았습니다 교정을 다 하고서도 꾸준히 방문하는게 어렵지만 갈때마다 잘 봐주셔서 감사합니다
",2022-06-25,0,9.5,서울새린치과의원,유아영,0
34,xman,치과후기34,"
충치치료 할 게 많다고해서 인레이 행사하길래 방문했어요 근데 치료가 딱히 필요한 게 없다고 해서 돌아왔어요 얼마나 깨질까 걱정했는데.이렇게 양심적일수가... 앞으로 여기만 방문 할 예정입니당
",2022-06-17,0,10,나온치과의원,윤양예,0
35,member,치과후기35,"
쌤들이 너무 친절함 ㅠㅠ
마취때매 부들 부들 떨고있는데 손잡아주셨어요 감동♥️
치료 하는 내내 괜찮냐고 물어봐 주시고
너무 친절하고 다 착하세요 전직원이다
아직 다 치료는 못 했지만 잘부탁드려요 😚
",2022-05-12,0,9.8,튼튼플란트치과의원,은여옥,0
36,member2,치과후기36,"
이마 많이 시려서 갔는데 잘 치료가 되었습니다.
첫번째 치료 때 이가 계속 시렸는데 다음에 방문할 때 다시 한번 보시고 더 치료해주샸어요. 추가비용이 발생하는줄 알았는데 추가비용없이 잘 끝났습니다. 감사합니다.
",2022-05-12,0,9.8,청량리왕플란트치과의원,이연온,0
37,xman,치과후기37,"
이미 다른 병원에서 충치 확인 후 방문했습니다
이벤트로 저렴하게 했고 충치 확인정도만 해주시고 그 이외에는 다른 선생님?들이 봐주신 것 같아요.
그래도 몇달 지났는데 잘 붙어있거 이번에 다른 병원에 스케일링 받으러 갔는데 충치 없다고 하시네요 ~
저렴하게 잘 했습니다
",2022-05-03,0,10,이미지치과의원,임영완,0
38,member,치과후기38,"
공장형 치과처럼 보이지만 같은 의사선생님께서 진료를 꾸준히 해주시고 부득이 하게 타이밍이 안맞아서 다른 선생님께서 진료를 봐주실 경우에는 설명도 해주셔서 안심이되었습니다. 교정 두달차라 큰차이는 없어보이지만 그래도 치아에 무리안가게 교정해준거같아 조금 여유롭게 기다리려고해요. 충치도 과잉치료 안하시고 깔끔하고 안아프게 해주셨어요. 인레이도 이벤트값으로 다른곳보다 저렴하게 해서 좋았어요.
신뢰가 가능 치과입니다.
",2022-02-04,0,9.5,더드림치과의원,장예우,0
39,member2,치과후기39,"
선생님이 치아 스케일링이랑 교정에 대해 잘 해주시고, 최대한 아프지 않게 해주셨어요. 솔직히 입이 예민해서 조금만 통증와도 아픈데. 그래도 잘 관리해주시고 교정 잘 해주셔서 감사합니다.
",2022-02-17,0,10,서울새린치과의원,전우욱,0
40,xman,치과후기40,"
전반적으로 깔끔하고 친절 그리고 사람이 엄청 많지도 않고 적지도 않아서 딱 적당하구 좋아요 그리고 친절하시고 나긋나긋하게 말씀해주세용!! 그리고 편하게 잘대해주시고 꼼꼼하게 다 설명해주세영
",2022-01-04,0,10,나온치과의원,정원운,0
41,member,치과후기41,치료 가격정보,2022-08-10,0,7.8,튼튼플란트치과의원,조유원,0
42,member2,치과후기42,"
가격도 매우 합리적이고, 친절하고 커서 오래 안기달려도 되어 매우 좋습니다. 특히 예약시스템도 좋고 가격을 주변 업체 모두 전화로 확인시 지르코니아 오스템 임플란트 가격이 저렴해서 이용했어요.
",2022-05-17,0,10,청량리왕플란트치과의원,주윤유,0
43,xman,치과후기43,"
화이트 드림치과는 제가 여러차례 검색을 통해서 알게 된 전문 치과입니다. 특히 임플란트 저렴한 곳을 찾았는데, 여기는 정말 대형 병원으로 실력있는 의사분들이 많으셔서 만족했어요. 감사해요
",2022-05-17,0,10,이미지치과의원,지은윤,0
44,xman,치과후기44,"
교정 끝났습니다.
이나래 원장님께서 세심하게 봐주셨구요.
나름 턱관절도 괜찮고, 큰 문제 없이 예쁘게 끝났습니다.
총 교정비용 290만원에 충치 3개 60만원, 340만원 결제했었네요.
대기 시간은 길지만 그것 빼고 다 괜찮았어요!
",2022-05-09,0,10,더드림치과의원,진의율,0
45,member,치과후기45,"
교정상담차 방문했고, 전체적으로 무난한 느낌이었습니다.

대기는 짧은편이었어요.
크게 특출난 장점이나 단점은 발견 못했습니다.
접근성도 괜찮고 상냥하셨어서 나쁘지않았어요.

다만 다른곳에서는 교정상담하면 보통 엑스레이 사진에 표시하시면서 견적서를 뽑아주시는데 그냥 엑스레이 사진만 띄우고 종이에 연필로 견적을 실장님이 적어주십니다 ㅠㅋㅋ

비용이 큰 교정+임플란트 예정이라 치료는 고민중이고, 임플란트나 교정 견적 궁금하신분들 있을까봐 이미지로 올려드려요.
근데 홈페이지에도 비슷한 가격(할인가)로 적혀있습니다. 그냥 평범하게 실장님이 큰 금액 부르고 할인해준다고 하시는 식의 상담스타일이에요.
",2021-01-21,0,8.8,서울새린치과의원,차이은,0
46,member2,치과후기46,"
아주 친절하십니다^^ 그리고 교정 효과또한 빨랐구요, 만족합니다. 후에 유지장치를 붙여주시는데 그게 또 편리하더라구요(가철식은 뗏다 붙였다 해야해서 불편한데..) 예약하고 가서 대기도 거의 없었습니다~
저는 앞니를 붙이는 부분교정을 하였습니다!
",2022-01-21,0,9.8,나온치과의원,최재이,0
47,xman,치과후기47,"
최은하 선생님 차분하게 잘 설명해주시고, 치료방향에 대해서나 피드백이 늘 좋은 분입니다.
이전하기 전에는 보철과와 비보철과가 층이 분리되어 불편했는데 이전하고 개선되었고, 새건물이라 매우 청결합니다.

다만, 접수받는 사람들 너무 불친절합니다. 제발 본인들 말투가 어떤지 녹음해서 한번 들어보길.. 3주전에 통화한 말투가 계속 생각날정도.. 환자를 불편하게 만듭니다.
",2021-01-15,0,7.8,튼튼플란트치과의원,추정인,0
48,member,치과후기48,"
다녔던 치과중에 제일 좋습니다.
교정을 할까말까 고민하고 상담만 몇년째 받으며 계속 미루고 그랬는데, 여기는 우연히 다른일로 가게됐고 간김에 교정까지 바로 결정하게됐어요.
최근에도 지인에게 소개했어요.
감사합니다.
",2021-09-18,0,10,청량리왕플란트치과의원,탁조임,0
49,member2,치과후기49,"
스케일링을 위해 방문하였습니다. 매년 한번씩 꾸준히 스케일링을 받는 편이라 연말에 잊지않고 방문하였고, 무난하게 상태 체크 후 스케일링 잘 받고 왔습니다. 다만 규모가 큰 병원이고 환자도 많아서 예약을 일찍 해야합니다.
",2021-01-13,0,10,나온치과의원,편주재,0
50,xman,치과후기50,"
항상 대기시간이 길어서 불편했는데 오늘은 대기시간 없이 진료 볼 수 있어서 좋았어요~
치위생사분이 너무 친절하셨어요!!
지방에서 다니다보니 시간이 많이 소요되는데 대기시간까지 길어서 속상했는데 오늘만 같으면 강추합니다!!
",2021-01-07,0,10,튼튼플란트치과의원,표준정,0
51,member,치과후기51,"
이 병원은 스케일링으로 방문하게 되었습니다
우산 병원내부가 깨끗하고 시설도 좋아보였어요!
스케일링도 안아프게 해주셔서 감사했습니다 차후 관리하는방법도 세세하세 알려주셔서 도움이 많이되었습니다
",2022-08-05,0,10,청량리왕플란트치과의원,하지주,0
52,member2,치과후기52,"
스케일링 하러 방문하였고, 다들 친절하게 상담해주시고 치료도 안아프고 편안한 분위기에서 치료 받았습니다! 이층에 진료실있어서 프라이빗해요! 과잉진료 없고 딱 필요한것만 말씀해주시고 빠른 진료 받을 수 있어요!
",2022-08-04,0,10,나온치과의원,한진준,0
53,xman,치과후기53,"
우선 병원내 시스템이 최신으로 깨끗하고 청결했어요
서울 메인부에 있는 치과라서 그런지 조금 비싼 느낌을 받았어요 ㅠㅠ
그리고 사랑니뺏는데 사랑니 발치한곳에 자꾸 염증이 나네요 .. 그래서 다시 가진않을것같습니다
",2022-08-04,0,10,튼튼플란트치과의원,허채지,0
54,xman,치과후기54,"
지하철역하고 연결되어있는 건물이라 접근성이 너무 좋습니다!
입구도 깔끔하고 향기도 은은히 나서 기분이 좋아집니다
의사선생님도 엄청 친절하시고 자세히 설명해주시고 과잉진료 하시지 않는거 같아 너무 좋아요
",2022-07-21,0,10,청량리왕플란트치과의원,홍초진,0
55,member,치과후기55,"
제가 전체적으로 치아 상태가 안좋아서 임플란트를 할데가 많아서 고민이 많았는데요 우연히 발견하게 되서 상담받고 믿음이가서 그 다음주로 방문하게 되었어요 평소에 치과 진료는 무섭기도하고 겁이많은편이라서.. 수면으로 원하고 있었는데 마침 수면으로 치료가 가능하다고해서 결정하게 되었네요.
수술진행하기 전에 2시간전에는 물도 마시면안되고 8시간전에는 금식해야된다고 안내전화 받고 바로 곡기를 끊었어요.. 연락 안주셨으면 깜빡 할뻔했습니다 감사합니다. 그리고 수술해주신 원장님께서 꼼꼼하고 자세하게 설명해주셔서 좋았습니다. 긴시간 수술해주시느라 고생많으셨습니다. 정말 감사드립니다..앞으로도 남은 치료기간동안 잘 부탁드립니다.
",2022-05-05,0,10,서울연세조이치과의원,황태채,0
56,member2,치과후기56,"
일단 마취 장인이세요!! 치과 치료에서 제일 무서운 것 중 하나가 바로 마취인데ㅠㅠ 하나도 안 아프게 주사 잘 놔주시더라고요~ 그리고 과잉진료같은 것도 없어요. 코디네이터분이 치료가 시급한 치아만 일단 치료하라고 안내해주셔서 좋았습니당. 다만 의사쌤이 엄청 바쁘셔서 치료 도중 이런저런 설명을 받지 못하는 게 아쉬웠어요~
딱 치료만 하고 다른 환자에게 넘어가는 시스템이더라고요. 어떤 치료를 했고 어떻게 됐고 등 최소한이라도 설명이 있음 좋겠어요~ 다른 의사 선생님은 이것저것 환자에게 설명 해주시더라고용. 무튼 치과 자체는 괜찮았습니다~
",2022-03-21,0,8,페리오플란트치과의원,강가경,0
57,xman,치과후기57,"
치과 가는게 너무 무서워서 방치하고 있다가 큰맘먹고 가서 치료받고 있어요. 담당 선생님부터 간호사, 실장님 모두 친절하셔서 조마조마한 마음 풀고 다녀요. 이렇게 안아프게 치료해주시는 치과 처음입니다 ㅎㅎ 치료계획과 비용을 문서화해서 보여주시는 점도 신뢰가 가는 곳입니다.
",2022-03-19,0,10,서울앞선치과의원,고경교,0
58,member,치과후기58,"
스케일링 받았는데 꼼꼼히 안아프게 마취가글해서 진행해주셨고
의사선생님도 친절하게 충치와 현재 치아상태에대해 진단해주셨네요
병원 시설도 정말 청결하고 위치도 좋아 재방문의사 있습니다
추천합니다
",2022-02-22,0,10,우정치과의원,공고기,0
59,member2,치과후기59,"
디타워 근처에 살고 있어서 가까운 병원 찾아갔습니다.
스켈링 받았는데 나쁘지 않았습니다.
직원들 전반적으로 친절하고 의사선생님도 괜찮았어요. 그 외에 치료해야 할 치아 있는지도 살펴봐주셨습니다.
",2022-01-12,0,5.3,연세어린이사랑치과의원,곽교나,0
60,xman,치과후기60,"
갑자기 많이 시리고 아파서 회사 근처에서 가까운 곳을 찾아보다 방문 하게 되었습니다


건물이 좋아? 병원이 있을 줄 몰랐는데 찾기 편합니다.

상담도 꼼꼼하게 해주셔서 지료를 잘 받을 수 있었습니다.
",2022-02-10,0,10,꿈꾸는치과의원,구규늘,0
61,member,치과후기61,"
다른 치과에서 교정을 다 끝냈는데 장치를 빼고 나니 전에는 잘 보이지않던 흰색 반점이 앞니 옆에 양쪽으로 하나씩 있는걸 보고 오랫동안 라미네이트를 할까 고민하다가 디데이치과에서 라미네이트 + 치아미백했습니다. 여러 병원들 중 리뷰, 그리고 블로그 글을 보고 디데이치과를 선택했습니다. ""덜 아픈 진료, 꼭 필요한 치료만 하자는 신념"" 이라고 블로그에 적어 놓으셨는데, 그 말이 사실이었습니다. 라미네이트 하고 싶은 치아 외에 다른 치아에 대한 강요도 없었고, 중간 중간 거울로 이정도 삭제했다 , 알려주시고 괜찮은지도 자주 물어봐주셨습니다. 덕분에 웃을 때 흰색 반점이 보일까 신경쓰지 않을 것 같습니다. 원래 제 치아처럼 자연스럽게 잘 돼서 친구들 가족들이 어디 한거냐고 물어봅니다😀 너무 만족스러운 결과를 얻었습니다.
",2022-09-06,0,10,파스텔치과의원,권근당,0
62,member2,치과후기62,"
진료,통증
오태훈 원장님 진짜 친절하시고 시술하실 때마다 설명해주셔서 좋았어요. 아플까봐 엄청 긴장하고 있었는데 마취크림 바른 뒤 마취 주사해서 통증 하나도 없었고 레이저 시술 때 조금이라도 느낌나면 다시 재마취 해주셨어요. 그리고 제가 너무 긴장한게 보였는지 치위생사분이 토닥토닥 해주셔서 시술 잘 받았어요. 시술은 5-10 분 정도 걸렸고 마취풀린 후 붓기,통증없이 바로 일상생활 잘 했어요

미관
치아가 조그맣고 웃을때 잇몸이 보여서 스트레레스 였는데 시술 후 치아랑 미소가 시원시원해 보여서 좋고 라인도 깔끔하게 정리해주셨어요. 그리고 시술 후 일주일 후에 리터치로 마음에 안드는 부분 수정해 주셔서 더 좋았어요. 사실 라미 받기전에 잇몸성형 먼저 했는데 미관개선으로 라미 안받아도 될거같아요.

병원 인테리어랑 내부 시설 깨끗하고 진료도 체계적이여서 상담받고 사진촬영 시술 수납까지 금방 끝났습니다.

진짜 왜 하루빨리 안받았는지 ㅠㅠ
",2022-05-13,0,10,이플랜치과의원,김기란,0
63,xman,치과후기63,"
먼저 전사진을 보여드리는게 낫겠지만 앞니. 오래전에햔 크라운도 있었고 금니크라운도 있었고 활짝 잘 못웃을 정도로 엉망진창이었습니다. 그래서 첨엔 앞니 크라운세개교체랑 앞니두개만 하려고 모두닥에서 리뷰도 괜찮고 되도록이면 금액대가 괜찮은 곳을 찾다가 디데이치과에서 이벤트를 해서 가게되었습니다. 정말 비싼곳은 엄청비싸고 그래서 겁먹었었는데 다른곳보단 합리적인 가격에 했다고 생각합니다. 찾아본바로는 다른곳보다 가격괜찮았어요. 치료는 일주일에 한번씩 한달걸려서 할얘기는 많지만 순서대로하면 상담해주는 선생님부터 친절하셔서 기분좋게 시작했구요. 의사선생님도 부드러우시고 친절하셨습니다. 선생님께서 잘하셨다고 섕각되지만 저는 마취하나도 안아팠거든요. 느낌조차 미비한? 하지만 선생님은 꼭 마취 끝나고 잘참으셨습니다. 해주십니다.ㅋ 마취할때 간호사 선생님께서 어깨에 살짝쿵 마사지? 톡톡? 암튼 겁나지않게 배려해주시는것 같았습니다. 감사했구요. 일주일씩 테스트해보고 본고정? 붙여주셌습니다. 라미네이트 부분이 변색되는 헤프닝? 이있었지만 바로 다시 해주셨구요. 변색되는 원인은 잘은 모르겠지만 피가들어갔는지 어쩐지 암튼 다시 한건 지금까지는(오늘 해서)괜찮습니다. 앞니 크라운3 어금니크라운3 라미네이트3 미백까지 하느라 일주일에 한번씩 4번했네요. 시간은 걸렸지만 만족합니다. 미백은 전보다 훨씬 깨끗해진 느낌이들어요. 햐지먄 크라운고 라미네이트 색깔까지는 밝아지진 못했어요. 깊은부분이라 그렇게 신경쓰이진않지만 신경쓰이면 그부분도 라미네이트해야하나? 고려중입니다.
미백은15분씩3번했는데 1번째2번째는 전혀느낌안났고 3번째가 간호사선생님은 시린느낌있을수 있다고하셨지만 저는 시리다기보단 삥!하는 느낌.? 암튼 삥! 삥! 하는자극? 이 있었습니다. 계속되는것은 아니라 참을만했습니다. 지금 끝났는데 가끔 삥합니다. 없어질거라 생각되구요.

전체적으로 저는 마음에 들고 큰맘먹고 했는데 아주 만족하고 좋습니다. 미백은 6개월에 한번하면 좋다고 말씀하셨는데 상황보구 할려고 합니당.
별일업음 6개월뒤에 가려고 합니다. 감사했습니다.
",2022-08-30,0,10,서울연세조이치과의원,나김래,0
64,xman,치과후기64,"
오늘 디데이 치과에서 미백치료를 받았습니다
처음 하는거라 인터넷에서 검색하고 시릴수있다는거 숙지하고 갔습니다 . 직원분들 모두 친절하셨구요 .
간단한 스케일링 진행후 치아미백을 하였습니다
저는 전혀 시리거나 아프거나 하지않았습니다.
편안하게 미백받고 왔습니다
미백전 사진이 없어서 미백전 사진은 병원에 부탁해서 받았습니다
저는 많이 밝아졌어요 미백후 사진이 m1이랑 같이 찍었더라구요
다음에 또 받게되면 여기서 다시 받으려고 합니다
",2022-08-27,0,10,페리오플란트치과의원,남나련,0
65,member,치과후기65,"
[대표원장으로 대신 등록된 리뷰입니다]

미백은 처음인데 친절하고 세심히 진료를 봐 주셔서 아프지 않고 만족스럽게 시술 받았습니다. 이 시림 증상은 일주일 정도면 사라진다고 하셔서 아직은 조금 시리지만 참고 기다려 보겠습니다! 감사합니다
",2022-08-23,0,10,서울앞선치과의원,노다령,0
66,member2,치과후기66,"
진료내용에 대해 꼼꼼하게 설명해주시고 내부시설도 깔끔해서 아주 쾌적하게 치료를 받을 수 있었습니다. 무엇보다 웃을때나 말할 때 잇몸이 많이 드러나서 콤플렉스였는데 이렇게 쉽고 간편하게 개선될 수 있다는게 놀라울 따름입니다. 윗니잇몸성형만 했는데 너무 만족해요
",2022-08-11,0,10,우정치과의원,도도름,0
67,xman,치과후기67,"
모두닥 이벤트로 치아 미백 받았습니다! 처음에 사진 촬영하고 미백에 관련해서 자세하게 설명해주셨어요. 스케일링 후에 미백 3번을 이어서 진행했는데 한시간 좀 넘게 걸렸던 것 같아요! 지금은 받은 직후라서 효과가 확실히 있는 것 같아요! 어느정도 지속된다면 계속 받을 것 같습니다!
",2022-07-26,0,10,연세어린이사랑치과의원,류동리,0
68,member,치과후기68,"
누랬던 이가 깨끗해진게 눈으로 바로 보여서 몹시 만족스러운 치료였습니다. 여자 선생님께서 진행해주셨고 세번째 미백에서 이가 좀 시렵기 시작했고 치료받은 이후에도 시린 느낌이 좀 이어질 수 있어요
",2022-07-25,0,9.8,꿈꾸는치과의원,문률린,0
69,member2,치과후기69,"
치아미백을 받으려고 모두닥에서 알아보다 이 병원을 선택하게 되었는데요, 진료는 간단히 상태와 부작용, 치료 후 주의사항 등을 의사분께서 설명해주시면서 진행되었고, 이후 바로 치료에 들어갔습니다. 치료는 한 시간 반 정도 소요되었고, 효과는 만족스러운 편이었습니다. 병원도 청결하고 의사쌤이 친절하셔서 좋았습니다!
",2022-07-22,0,9.5,파스텔치과의원,민명림,0
70,xman,치과후기70,"
이벤트 통해 좋은 가격이 미백치료 받았고 친절하고 꼼꼼하게 잘 설명 주셨습니다! 개인적으로는 엄청난 효과가 없었지만 사람마다 차이가 있는건 알았기에 충분히 만족했어요. 다음에도 방문할것 같습니다.
",2022-07-22,0,8.5,이플랜치과의원,박미미,0
71,member,치과후기71,"
친절하시고 유머러스하시는데 환자가 많아서 그런건지 진료속도가 약간 더디는것같습니다.
빠른것을 요구하는건 아니지만 조금 더 구체적으로 방안을 말씀해주시고
앞으로의 계획도 맞춰나가면 이 선생님은 100점짜리 선생님 같아요
사람을 편안하게 만드시는 재주가 있으신것같아요
완벽합니다
",2022-09-06,0,8.8,서울연세조이치과의원,방민민,0
72,member2,치과후기72,"
10년전 레진 변색으로 갔는데.. 다듬으로 된다고 해서 .. 만외 내외로 청구 되었는데.. 이전에 없던 이틀 연속 시림증상 레진으로 재진료 받았어요 ㅠ 담당선생님 과잉진료없이 친절하고 세밀하게 봐 주시는거 같았는데 이전에 없던 시림 증상으로 재치료 받아서 재방문은 어려울 듯 합니다.
",2022-09-03,0,1.8,페리오플란트치과의원,배병비,0
73,xman,치과후기73,"
(대표 원장으로 대신 등록된 리뷰입니다)

모두닥에서 보고 전화를 통해 치아미백을 3회 받았습니다
저는 치아 미백은 아무래도 치위생사님의 능력이 중요하다고 생각하는데
서민지 치위생사님이 정말 꼼꼼하게 진행해주시고 너무나 친절하게 알려주셔서 치아에 대해 많이 알고 갑니다 ㅎㅎ
부분 치석 제거도 하였는데 하나도 안아파서 놀랬어요!
이제부턴 제 전담 치위생사님 하시는걸로!!
커피라도 한잔 사드리고 싶을정도로 너무 감사했습니다!
정말 감사합니다!
",2022-08-26,0,10,서울앞선치과의원,백보빈,0
74,xman,치과후기74,"
대기없이 치아 보고
미백 편히받앗어요 주차장 은
ㅇ옆이지만좋아요


우선1회 690 0 0 원에 한번진행하ㄱㅓ

또가고싶어요

최소세번은해야
될듯
글래도만족합니다
미백저렴하게
하고싶은분들추천해여
치아미백은여기가싸요제일
강남에서
치아마백화이팅

아자
이쁜치아조아요
",2022-08-24,0,8.8,우정치과의원,변비서,0
75,member,치과후기75,"
치아미백에 유명한 곳이라 다녀왔어요 총 3회 결제한 비용입니다~ 2회 한번에 하고 1회는 일주일 뒤에 했어요! 하고나니 확실히 치아 뿌리쪽 노란게 적어져서 인상이 세련되진 느낌입니다😍
",2022-08-06,0,9,연세어린이사랑치과의원,서상선,0
76,member2,치과후기76,"
유튜브로 교정 전문 치과를 막 알아보다가 루센트치과의원 알게 되었습니다. 상담 받으러 왔는데
의사 선생님들께서 상담을 너무 꼼꼼히 해주셨습니다.
진료도 친절하게 진료해 주셨습니다
치과 시설도 좋고 청결합니다.
",2022-08-03,0,10,꿈꾸는치과의원,석서성,0
77,xman,치과후기77,"
미백할인 행사가 진행중이여서 예약하고 방문했는데 순서도 바로바로 진행되고 엄청 친절하셔서 좋았어요! 2회 더 남아서 가야하는데 효과가 기대됩니다. 단 손님이 많으니 야간예약은 잡기 힘들더군요.
",2022-07-05,0,10,파스텔치과의원,손선세,0
78,member,치과후기78,"
교정때문에 여러곳 알아보다가 리뷰보고 가게됏어요.
원래 귀찮아서 리뷰 잘 안남기는데
처음 갓을때부터 모든 직원분들 친절하시고 원장님이 직접!!! 엑스레이 사진 입 안 직접 보시고 상태에따라 자세히 상담해주셔서 믿음이 갔어요
고민중이시라면 적극 추천합니다.!
",2022-06-28,0,10,이플랜치과의원,송성소,0
79,member2,치과후기79,"
교정 하러 가서 내 뼈 상태도 알고
원장님이 서울대에서도 진료 하다 오셔서 그런가 뭔가 체계적이고 대학병원에서 진료 받는거 같아서 좋았습니다
앞으로 변화될 모습에 기대가 많습니다 !
",2022-06-28,0,10,서울연세조이치과의원,신세솔,0
80,xman,치과후기80,"
사랑니 발치 했어요! 사랑니 매복이라고 해서 너무 무서웠는데 원장님께서 안아프게 마취 해주시고 뽑아주셨어요 ㅎㅎ 매번 치과 갈때마다 잘 봐주셔서 너무 좋았어요 벌써 다닌지 몇년 됐는데 그때마다 세심하게 봐주셔서 감사합니다 위생사 선생님들도 늘 먼저 말도 걸어주시고 감사해요 ❤️
",2022-06-17,0,10,페리오플란트치과의원,안소송,0
81,member,치과후기81,"
새로 오신 교정 원장님께 매달 진료 받고 있는데 정말 좋아요!
누운 상태에서 꼼꼼하게 상태를 봐주시고 늘 불편한 부분은 없는지 체크도 해주십니다. 찔리는 부분이 있다면 그자리에서 바로 해결해주세요
차분하시지만 카리스마 있고(?) 또 친절하신 여자 원장님이라 너무너무 좋아요ㅠㅠ
",2022-07-26,0,10,서울앞선치과의원,양솔수,0
82,member2,치과후기82,"
친절하세요
엑스레이촬영하고
잇몸 염증이있는건 아닐까해서 방문해서 갔는데
큰이상없으면 치료안해도된다고 하셔서 과잉지료없어서
좋았고 치위생사분들도 친절하시고
턱수술하고갔는데 입잘안벌어지면 임플란트
못한다고 걱정해주셔서 참좋았음
",2022-01-26,0,9.5,우정치과의원,엄송승,0
83,xman,치과후기83,"
임플란트 1개 진행하였습니다
김태수 원장선생님이 잘 해주셔서
지금까지 잘 치아 쓰고 있습니다.
사람이 많아서 예약하기조금
어렵지만 비싸지않고 잘 케어해주셔서
감사합니다
이수역부근이라 접근성도 좋습니다
",2021-05-27,0,10,연세어린이사랑치과의원,여수신,0
84,xman,치과후기84,"
한줄평: 믿을만한 곳! 다시 갈만한 곳!

회사 제휴 병원이라서 충치 치료차 방문. 다른 치과에서는 어금니 2개를 다시 크라운 씌우고 치료해야한다고 했는데, 이수 스마트 치과 의사선생님은 살펴보시더니 충치 치료할 단계가 아직 아니며 지금 다시 크라운치료를 하는게 오히려 치아에 더 부담을 줄테니 좀더 관리하고 지켜보는게 좋을 것 같다고 치료를 보류하셨다. 믿을 만한 곳이라고 느낌!!

병원리뷰:
시설이 정말 깔끔하고 좋았다. 대기실부터 치료실, 화장실까지 내부가 새로 공사한 것 같은 느낌.
회사 제휴 가격으로 크라운 치료는 개당 30만원 초중반대였던 것으로 기억하는데, 결론적으로는 아직 치료할 필요가 없다고 하셔서 검사비 8천원만 청구되었다.
",2020-08-29,0,7.5,꿈꾸는치과의원,염순아,0
85,member,치과후기85,"
한줄평: 만족! 재방문하고싶네요!

아랫니 교정기 유지장치가 떨어져서 다시 붙였습니다. 유지장치 떨어진 부위를 원장님께서 직접 꼼꼼히 정리하고 다시 붙여주시더라구요. 원래 제가 다니던 병원은 유지장치 관련 진료는 치위생사분들이 해주셨는데... :) 만족스러웠습니다. 가격도 근방에서 꽤 저렴한 편이었어요! (다른곳은 개당 3만원-5만원까지도 부름) 온 김에 스케일링도 같이 받았는데 제가 이제까지 다녔던 병원 중 가장 안아프고 시원했어요! 대만족

병원리뷰:
전화로 문의드리고 예약했는데 리셉션 직원분들 친절하셨어요! 간호사분들도 친절친절. 예약하고 가니 대기시간도 없어서 좋았습니다. 병원도 예쁘고 깔끔했어요! 만족!
",2020-08-13,0,10,파스텔치과의원,오슬안,0
86,member2,치과후기86,"
한줄평: 추천

교정하려고 상담만 받았는데 꼭 필요한 정도는 아니고 미용적으로 원하면 해도 된다고 솔직하게 말해주셔서 좋았습니다 이것저것 권하지 않아서 편했어요

병원리뷰:
새건물이라 병원도 깔끔하고 좋아요 미리 예약하고 방문했지만 사람도 많지 않아 대기시간 없었어요 엑스레이 찍을 때도 다 새걸로 갈아 끼우고 안심됐어요
",2020-01-06,0,10,이플랜치과의원,우승언,0
87,xman,치과후기87,"
한줄평: 이수 인근 최고의 치과

스케일링 후 정기검진을 받았는데 선생님께서 꼼꼼하게 치아상태를 봐주셨습니다. 과잉진료 없이 정직하게 치아의 상태를 설명하고 필요한 조치만 취해주셨습니다.

병원리뷰:
치위생사님께서 스케일링을 꼼꼼히 진행해주셨습니다. 시술 중간에도 아프지는 않는지 주기적으로 확인하셨으며, 마친 후 치아 관리법에 대해 간단하게 설명해주셨습니다.
",2020-09-23,0,9.8,서울연세조이치과의원,원시연,0
88,member,치과후기88,"
동네에서 스켈링 받고 충치가 번지고 오래되서
금니를 새로 해야한다고 빨리 치료 해야한다고 해서
가까운 병원으로 재진료보았습니다.
근데 충치가 아니고 치석이라고? 처음에 너무 황당했는데
원장님께서 친절히 설명해주시고 지금은 통증이 없기 때문에 구지 치료할 필요 없다고 하셨어요
치석 한개라 금방 제거하고 왔습니다
병원도 깨끗하고 실장님, 선생님들 다 친절하셨어요
주기적으로 점검하고 치료받는 편인데 금액 물어보니 금액도 다른 병원들보다 저렴한거 같아요
다음에 치료할일 있으면 이쪽으로 오려구요~
",2020-07-25,0,10,페리오플란트치과의원,유아영,0
89,member2,치과후기89,"
성인 두 명이서 스케일링을 받으러 갔습니다. 처음 들어가자마자 깔끔하고 청결한 인테리어에 놀랐습니다! 너무 깨끗하고 보기 좋더라구요. 중간중간에 카카오프렌즈 캐릭터 인형이 장식되어 있어서 귀여움도 느낄 수 있었습니다. 초진이어서 원장님께 간단한 검진을 먼저 받았습니다. 과잉진료 없이 꼭 필요한 진료만 해 주셨어요. 검진 중 치아 상태를 직접 거울로 확인할 수 있었습니다. 작은 충치 여러 개가 있었고, 예전에 다른 병원에서 충치 치료를 받았던 소재가 떨어져나가서 작은 구멍이 나 있더라고요. 작은 충치는 치료할 필요 없이 양치질을 잘 해서 더 심해지지 않게 관리하면 된다고 하셨어요. 떨어져나간 작은 구멍은 레진으로 바로 메꿨습니다. 기본 진료를 안 받았으면 큰일날 뻔했어요. 스케일링 중 현재 잇몸 상태에 대해 자세하게 알려 주셨고, 스케일링을 받고 나서도 사후관리에 대해서 너무 친절하게 잘 알려 주셔서 좋았습니다! 전반적으로 친절하고 깔끔한 분위기에서 만족스럽게 진료받았습니다. 치과는 앞으로 여기만 가려구요!
",2020-06-17,0,10,서울앞선치과의원,윤양예,0
90,xman,치과후기90,"
예약하고 갔는데 웨이팅 많이 없이 바로 들어갔습니다.
접수처 안내하시는 분이 굉장히 친절해요 치료에 관한 상담도 잘 해주시구요. 원장선생님께 진료 받았는데 친절하게 설명해주십니다.
충치치료하고 사랑니 뽑았는데 아무는데 시간이 좀 걸렸네요. 가격은 너무 비싸지도 싸지도 않은 보통인것같습니다.
내부는 비교적 깔끔하고 청결했습니다. 앞으로도 계속 재방문할 것 같습니다.
",2020-03-17,0,8,우정치과의원,은여옥,0
91,member,치과후기91,"
교정 중이라 양치가 잘 안되는건 사실입니다. 그래도 치간칫솔, 워터픽 꾸준히 했고요, 6개월마다 구강검진도 받고 유료로 권하는 스케일링 (다른병원보다 비쌈) 다 받았어요. 근데 진짜 진료 대충합니다. 다른 병원으로 옮겼는데 비교될 정도로 꼼꼼히 봐주시고, 충치진료가 늦어져서 돈만 더 썼네요.
",2022-06-22,0,5.5,연세어린이사랑치과의원,이연온,0
92,member2,치과후기92,"
병원 깔끔하고 직원분들이나 선생님들도 친절하세요
과잉진료가 없고 꼭 필요한 치료만 권장하시는 것 같아요
충치가 있어도 무조건 치료하라고 하지 않고 충치가 더이상 진행되지 않을 수 있으니 지켜보자고 하셨어요
",2022-05-17,0,10,꿈꾸는치과의원,임영완,0
93,xman,치과후기93,"
진료 자체는 잘 봐주시는데요 솔직히 근데 고무줄 하나 갈아끼워주고 5만원 받는건 좀 그렇네요 스케일링도 안해주시고.. 친절하시기는 하나 제 시간에 가도 대기가 있는것도 그럴거면 왜 시간을 예약 받는지도 모르겠고요 고객이 너무 많다보니 관리가 좀 소홀한 느낌이 들어오
",2022-05-04,0,8.8,파스텔치과의원,장예우,0
94,xman,치과후기94,"
사랑니 발치를 하기 위한 상담을 하러 방문 하였습니다
제가 먹고있는 약과 당시에 백신 맞는 기간까지
꼼꼼하게 체크 하셨고 상담실장님이 친철하셨습니다
또한 잇몸의 염증으로 인해 바로 발치가 불가능 하다는 말씀과 과잉진료는 없으셨으며 염증약으로 인해 빠르게 염증이 사라졌습니다
",2022-02-08,0,9,이플랜치과의원,전우욱,0
95,member,치과후기95,"
치아가 안좋아 임플란트및 치료를위해 방문했습니다.
치료받는기간중 병원위치가 이전되서;;
새로 이전한곳은 언덕위에 있어 올라가느라 살짝불편했지만 치료는 잘해줬습니다.
치료기간이 길어서 여러분의 의사쌤이 봐주셨어요.
",2021-01-14,0,6.3,서울연세조이치과의원,정원운,0
96,member2,치과후기96,"
진료 괜찮게 본다고 지인 추천으로 예약하고 퇴근 후 저녁 7시쯤 스케일링하러 갔습니다.
예약도 했으니 간단하게 한시간 생각하고 갔다가 1시간 30분 기다리고 드디어 들어가서 스케일링 받나 했는데 엑스레이 촬영을 하네요. 이빨 충치 없나 검진하고 스케일링 받는데 여태껏 받아본 곳중에서 제일 대충하네요. 치실도 안하고 그냥 5분만에 의사가 아래부터 오른쪽에서 왼쪽으로 긁고 한번씩 쓱 긁고 끝났어요.
스케일링은 동네가 제일인거 같아요. 괜히 소문난 곳에 가지 마시길
",2021-08-12,0,6.5,페리오플란트치과의원,조유원,0
97,xman,치과후기97,"
(대표 원장으로 대신 작성)
상담실장님 이름은 생각이 나질 않아서 생략할께요 병원 전반적인 치료시스템에 대해 잘 설명해주셨고 병원 진료비용에 대해서도 여러모로 혜택을 주셨어요 저는 지인의 소개를 받고 간거거든요 불만없이 잘 검사받고왔어요
",2021-06-29,0,9.8,서울앞선치과의원,주윤유,0
98,member,치과후기98,"
선생님 너무 친절하시고 교정에 전문성이 있으셔서 믿고 맡길수있어요. 이제 교정 시작하는데 2년동안 안심할수있을것 같아요. 아프지 않고 편안하게 진료 받을 수 있어서 좋아요.
사람이 많아서 갈때마다 대기가 조금 있습니다.
",2021-06-04,0,10,우정치과의원,지은윤,0
99,member2,치과후기99,"
학교 제휴 병원이라 다니게 되었는데 병원 내부 깔끔하고 모두 친절하시고 좋아요! 섬세하게 봐주시고 교정한지 좀 돼서 여러 선생님께 진료 받았는데 모두 친절하시고 꼼꼼히 봐주셨습니다!
",2021-05-29,0,10,연세어린이사랑치과의원,진의율,0
100,xman,치과후기100,"
교정치료 받았어요.
병원이 워낙크고 마케팅을 잘하시는지 사람이 너무많아서 예약하고가도 한참을 기다려야하고~~그나마도 친절한설명은 맨처음 계약할때 빼곤 듣기힘듭니다.그래도 교정은 완료하긴했어요
",2021-05-21,0,7,꿈꾸는치과의원,차이은,0
101,member,치과후기101,"
이 병원은 스케일링으로 방문하게 되었습니다
우산 병원내부가 깨끗하고 시설도 좋아보였어요!
스케일링도 안아프게 해주셔서 감사했습니다 차후 관리하는방법도 세세하세 알려주셔서 도움이 많이되었습니다
",2022-08-05,0,10,파스텔치과의원,최재이,0
102,member2,치과후기102,"
스케일링 하러 방문하였고, 다들 친절하게 상담해주시고 치료도 안아프고 편안한 분위기에서 치료 받았습니다! 이층에 진료실있어서 프라이빗해요! 과잉진료 없고 딱 필요한것만 말씀해주시고 빠른 진료 받을 수 있어요!
",2022-08-04,0,10,이플랜치과의원,추정인,0
103,xman,치과후기103,"
우선 병원내 시스템이 최신으로 깨끗하고 청결했어요
서울 메인부에 있는 치과라서 그런지 조금 비싼 느낌을 받았어요 ㅠㅠ
그리고 사랑니뺏는데 사랑니 발치한곳에 자꾸 염증이 나네요 .. 그래서 다시 가진않을것같습니다
",2022-08-04,0,10,서울연세조이치과의원,탁조임,0
104,xman,치과후기104,"
지하철역하고 연결되어있는 건물이라 접근성이 너무 좋습니다!
입구도 깔끔하고 향기도 은은히 나서 기분이 좋아집니다
의사선생님도 엄청 친절하시고 자세히 설명해주시고 과잉진료 하시지 않는거 같아 너무 좋아요
",2022-07-21,0,10,페리오플란트치과의원,편주재,0
105,member,치과후기105,"
제가 전체적으로 치아 상태가 안좋아서 임플란트를 할데가 많아서 고민이 많았는데요 우연히 발견하게 되서 상담받고 믿음이가서 그 다음주로 방문하게 되었어요 평소에 치과 진료는 무섭기도하고 겁이많은편이라서.. 수면으로 원하고 있었는데 마침 수면으로 치료가 가능하다고해서 결정하게 되었네요.
수술진행하기 전에 2시간전에는 물도 마시면안되고 8시간전에는 금식해야된다고 안내전화 받고 바로 곡기를 끊었어요.. 연락 안주셨으면 깜빡 할뻔했습니다 감사합니다. 그리고 수술해주신 원장님께서 꼼꼼하고 자세하게 설명해주셔서 좋았습니다. 긴시간 수술해주시느라 고생많으셨습니다. 정말 감사드립니다..앞으로도 남은 치료기간동안 잘 부탁드립니다.
",2022-05-05,0,10,서울앞선치과의원,표준정,0
106,member2,치과후기106,"
일단 마취 장인이세요!! 치과 치료에서 제일 무서운 것 중 하나가 바로 마취인데ㅠㅠ 하나도 안 아프게 주사 잘 놔주시더라고요~ 그리고 과잉진료같은 것도 없어요. 코디네이터분이 치료가 시급한 치아만 일단 치료하라고 안내해주셔서 좋았습니당. 다만 의사쌤이 엄청 바쁘셔서 치료 도중 이런저런 설명을 받지 못하는 게 아쉬웠어요~
딱 치료만 하고 다른 환자에게 넘어가는 시스템이더라고요. 어떤 치료를 했고 어떻게 됐고 등 최소한이라도 설명이 있음 좋겠어요~ 다른 의사 선생님은 이것저것 환자에게 설명 해주시더라고용. 무튼 치과 자체는 괜찮았습니다~
",2022-03-21,0,8,우정치과의원,하지주,0
107,xman,치과후기107,"
치과 가는게 너무 무서워서 방치하고 있다가 큰맘먹고 가서 치료받고 있어요. 담당 선생님부터 간호사, 실장님 모두 친절하셔서 조마조마한 마음 풀고 다녀요. 이렇게 안아프게 치료해주시는 치과 처음입니다 ㅎㅎ 치료계획과 비용을 문서화해서 보여주시는 점도 신뢰가 가는 곳입니다.
",2022-03-19,0,10,연세어린이사랑치과의원,한진준,0
108,member,치과후기108,"
스케일링 받았는데 꼼꼼히 안아프게 마취가글해서 진행해주셨고
의사선생님도 친절하게 충치와 현재 치아상태에대해 진단해주셨네요
병원 시설도 정말 청결하고 위치도 좋아 재방문의사 있습니다
추천합니다
",2022-02-22,0,10,꿈꾸는치과의원,허채지,0
109,member2,치과후기109,"
디타워 근처에 살고 있어서 가까운 병원 찾아갔습니다.
스켈링 받았는데 나쁘지 않았습니다.
직원들 전반적으로 친절하고 의사선생님도 괜찮았어요. 그 외에 치료해야 할 치아 있는지도 살펴봐주셨습니다.
",2022-01-12,0,5.3,파스텔치과의원,홍초진,0
110,xman,치과후기110,"
갑자기 많이 시리고 아파서 회사 근처에서 가까운 곳을 찾아보다 방문 하게 되었습니다


건물이 좋아? 병원이 있을 줄 몰랐는데 찾기 편합니다.

상담도 꼼꼼하게 해주셔서 지료를 잘 받을 수 있었습니다.
",2022-02-10,0,10,이플랜치과의원,황태채,0
